{
  "project_info": {
    "project_number": "398905520562",
    "firebase_url": "https://seufirebase-68f36.firebaseio.com",
    "project_id": "seufirebase-68f36",
    "storage_bucket": "seufirebase-68f36.appspot.com"
  },
  "client": [
    {
      "client_info": {
        "mobilesdk_app_id": "1:398905520562:android:0b282626d0307a5f50b4ab",
        "android_client_info": {
          "package_name": "com.example.seu"
        }
      },
      "oauth_client": [
        {
          "client_id": "398905520562-uj75t7t85htn87ouj3g54e1vtmdr3hd2.apps.googleusercontent.com",
          "client_type": 1,
          "android_info": {
            "package_name": "com.example.seu",
            "certificate_hash": "c4fe28e8123613e665e9ba282f69864ab161a2be"
          }
        },
        {
          "client_id": "398905520562-rro70ulej509aj6ln0j2mrcr7j5s2dgn.apps.googleusercontent.com",
          "client_type": 1,
          "android_info": {
            "package_name": "com.example.seu",
            "certificate_hash": "c925d7f481f4fcd3ec09ba94466738469f39719d"
          }
        },
        {
          "client_id": "398905520562-gk3vh576mhmp4okc5e3mfs85nvmiioko.apps.googleusercontent.com",
          "client_type": 1,
          "android_info": {
            "package_name": "com.example.seu",
            "certificate_hash": "4775409ecb38f234046b45ee1b2d29a514bfcec1"
          }
        },
        {
          "client_id": "398905520562-0e0bf0jkc6j44g40dhs5t2nib2nmfd2o.apps.googleusercontent.com",
          "client_type": 3
        }
      ],
      "api_key": [
        {
          "current_key": "AIzaSyDrfDnw9PzSzw-3dwv7VYuYeBCgRzv5Pnc"
        }
      ],
      "services": {
        "appinvite_service": {
          "other_platform_oauth_client": [
            {
              "client_id": "398905520562-0e0bf0jkc6j44g40dhs5t2nib2nmfd2o.apps.googleusercontent.com",
              "client_type": 3
            }
          ]
        }
      }
    }
  ],
  "configuration_version": "1"
}